epoch,train_loss,val_accuracy
1,0.7430453944736057,0.9085
2,0.2070987958908081,0.925
3,0.13946509166558582,0.927
